{"brick":[{"hp":1,"position":{"x":1.332796335220337,"y":3.9983887672424318}},{"hp":1,"position":{"x":3.9983887672424318,"y":3.9983887672424318}}]}